slug,product,blog_title,seo_keyword,h2_1,h2_2,h2_3,amazon_search,pinterest_desc,affiliate_note
slim-storage-1,SPACEKEEPER 22cm 4段,6畳キッチンがプロ並みに片付く！22cmの隙間が収納庫に変わった理由,SPACEKEEPER キッチンワゴン 22cm 隙間収納 スリム 4段,SPACEKEEPER 22cm 4段を選んだ理由,実際に置いてみたサイズ感レビュー,賃貸でも大丈夫？設置のコツ,SPACEKEEPER キッチンワゴン 22cm 隙間収納 スリム 4段,6畳キッチンがプロ並みに片付く！22cmの隙間が収納庫に変わった理由｜詳細レビューとサイズ感をブログにまとめたよ→,Amazonリンクは1記事1つまで・価格表記NG・画像は加工必須
slim-storage-2,TKUIN 13cm 耐荷重32kg,トイレの隙間13cmを諦めない！耐荷重32kgワゴンの収納力,TKUIN 隙間収納 13cm 耐荷重32kg トイレ,TKUIN 13cm 耐荷重32kgを選んだ理由,実際に置いてみたサイズ感レビュー,賃貸でも大丈夫？設置のコツ,TKUIN 隙間収納 13cm 耐荷重32kg トイレ,トイレの隙間13cmを諦めない！耐荷重32kgワゴンの収納力｜詳細レビューとサイズ感をブログにまとめたよ→,Amazonリンクは1記事1つまで・価格表記NG・画像は加工必須
slim-storage-3,Roweida 13cm 木天板,冷蔵庫横がおしゃれカフェに？木天板ワゴンが可愛すぎた,Roweida 隙間ワゴン 13cm 木天板 冷蔵庫横,Roweida 13cm 木天板を選んだ理由,実際に置いてみたサイズ感レビュー,賃貸でも大丈夫？設置のコツ,Roweida 隙間ワゴン 13cm 木天板 冷蔵庫横,冷蔵庫横がおしゃれカフェに？木天板ワゴンが可愛すぎた｜詳細レビューとサイズ感をブログにまとめたよ→,Amazonリンクは1記事1つまで・価格表記NG・画像は加工必須
slim-storage-4,アイリスオーヤマ 24cm,アイリスオーヤマのランドリーワゴンが優秀すぎる件,アイリスオーヤマ ランドリーワゴン 24cm 天板付き,アイリスオーヤマ 24cmを選んだ理由,実際に置いてみたサイズ感レビュー,賃貸でも大丈夫？設置のコツ,アイリスオーヤマ ランドリーワゴン 24cm 天板付き,アイリスオーヤマのランドリーワゴンが優秀すぎる件｜詳細レビューとサイズ感をブログにまとめたよ→,Amazonリンクは1記事1つまで・価格表記NG・画像は加工必須
slim-storage-5,ぼん家具 20cm 木製,押入れの布団が消えた！ぼん家具の木製ワゴン収納術,ぼん家具 隙間収納 20cm 木製 キャスター,ぼん家具 20cm 木製を選んだ理由,実際に置いてみたサイズ感レビュー,賃貸でも大丈夫？設置のコツ,ぼん家具 隙間収納 20cm 木製 キャスター,押入れの布団が消えた！ぼん家具の木製ワゴン収納術｜詳細レビューとサイズ感をブログにまとめたよ→,Amazonリンクは1記事1つまで・価格表記NG・画像は加工必須
slim-storage-6,山崎実業 tower 13cm,tower信者集合！スリムワゴン13cmはやっぱり神だった,山崎実業 tower スリムワゴン 13cm,山崎実業 tower 13cmを選んだ理由,実際に置いてみたサイズ感レビュー,賃貸でも大丈夫？設置のコツ,山崎実業 tower スリムワゴン 13cm,tower信者集合！スリムワゴン13cmはやっぱり神だった｜詳細レビューとサイズ感をブログにまとめたよ→,Amazonリンクは1記事1つまで・価格表記NG・画像は加工必須
slim-storage-7,山崎実業 tower 洗面台横,洗面台のごちゃつきが消えた！tower横ラックで美容収納,山崎実業 tower 洗面台横 ラック,山崎実業 tower 洗面台横を選んだ理由,実際に置いてみたサイズ感レビュー,賃貸でも大丈夫？設置のコツ,山崎実業 tower 洗面台横 ラック,洗面台のごちゃつきが消えた！tower横ラックで美容収納｜詳細レビューとサイズ感をブログにまとめたよ→,Amazonリンクは1記事1つまで・価格表記NG・画像は加工必須
slim-storage-8,JEJアステージ 17cm 5段,日本製で完成品！17cmスリムストッカーが一人暮らしに最適,JEJアステージ スリムストッカー 17cm 5段,JEJアステージ 17cm 5段を選んだ理由,実際に置いてみたサイズ感レビュー,賃貸でも大丈夫？設置のコツ,JEJアステージ スリムストッカー 17cm 5段,日本製で完成品！17cmスリムストッカーが一人暮らしに最適｜詳細レビューとサイズ感をブログにまとめたよ→,Amazonリンクは1記事1つまで・価格表記NG・画像は加工必須
slim-storage-9,天馬 スキピタ 17cm 140cm,6畳でも収納力2倍！天馬スキピタ140cmで縦収納革命,天馬 スキピタ ストッカー 17cm 140cm,天馬 スキピタ 17cm 140cmを選んだ理由,実際に置いてみたサイズ感レビュー,賃貸でも大丈夫？設置のコツ,天馬 スキピタ ストッカー 17cm 140cm,6畳でも収納力2倍！天馬スキピタ140cmで縦収納革命｜詳細レビューとサイズ感をブログにまとめたよ→,Amazonリンクは1記事1つまで・価格表記NG・画像は加工必須
slim-storage-10,SVOHZAV 18cm 4段,1000円台から！コスパ最強の隙間ワゴン見つけた,SVOHZAV 隙間ワゴン 18cm 4段,SVOHZAV 18cm 4段を選んだ理由,実際に置いてみたサイズ感レビュー,賃貸でも大丈夫？設置のコツ,SVOHZAV 隙間ワゴン 18cm 4段,1000円台から！コスパ最強の隙間ワゴン見つけた｜詳細レビューとサイズ感をブログにまとめたよ→,Amazonリンクは1記事1つまで・価格表記NG・画像は加工必須
