Title,Product,Template,Desc,ShortTitle
SPACEKEEPER 22cm 4段で隙間収納5選｜狭い部屋が広く見える収納術,SPACEKEEPER 22cm 4段,A Before/After,SPACEKEEPER 22cm 4段で狭い部屋の隙間収納5選を解決✨ 賃貸OK・穴あけ不要。詳細はブログで→ #狭い部屋収納 #隙間収納,SPACEKEEPER 22cm 4段で隙間収納5選｜狭
SPACEKEEPER 22cm 4段で隙間収納5選｜狭い部屋が広く見える収納術,SPACEKEEPER 22cm 4段,B 5選まとめ,SPACEKEEPER 22cm 4段で狭い部屋の隙間収納5選を解決✨ 賃貸OK・穴あけ不要。詳細はブログで→ #狭い部屋収納 #隙間収納,SPACEKEEPER 22cm 4段で隙間収納5選｜狭
SPACEKEEPER 22cm 4段で隙間収納5選｜狭い部屋が広く見える収納術,SPACEKEEPER 22cm 4段,C 悩み解決,SPACEKEEPER 22cm 4段で狭い部屋の隙間収納5選を解決✨ 賃貸OK・穴あけ不要。詳細はブログで→ #狭い部屋収納 #隙間収納,SPACEKEEPER 22cm 4段で隙間収納5選｜狭
TKUIN 13cm 耐荷重32kgでトイレ隙間活用｜狭い部屋が広く見える収納術,TKUIN 13cm 耐荷重32kg,A Before/After,TKUIN 13cm 耐荷重32kgで狭い部屋のトイレ隙間活用を解決✨ 賃貸OK・穴あけ不要。詳細はブログで→ #狭い部屋収納 #隙間収納,TKUIN 13cm 耐荷重32kgでトイレ隙間活用｜狭
TKUIN 13cm 耐荷重32kgでトイレ隙間活用｜狭い部屋が広く見える収納術,TKUIN 13cm 耐荷重32kg,B 5選まとめ,TKUIN 13cm 耐荷重32kgで狭い部屋のトイレ隙間活用を解決✨ 賃貸OK・穴あけ不要。詳細はブログで→ #狭い部屋収納 #隙間収納,TKUIN 13cm 耐荷重32kgでトイレ隙間活用｜狭
TKUIN 13cm 耐荷重32kgでトイレ隙間活用｜狭い部屋が広く見える収納術,TKUIN 13cm 耐荷重32kg,C 悩み解決,TKUIN 13cm 耐荷重32kgで狭い部屋のトイレ隙間活用を解決✨ 賃貸OK・穴あけ不要。詳細はブログで→ #狭い部屋収納 #隙間収納,TKUIN 13cm 耐荷重32kgでトイレ隙間活用｜狭
Roweida 13cm 木天板でおしゃれカフェ化｜狭い部屋が広く見える収納術,Roweida 13cm 木天板,A Before/After,Roweida 13cm 木天板で狭い部屋のおしゃれカフェ化を解決✨ 賃貸OK・穴あけ不要。詳細はブログで→ #狭い部屋収納 #隙間収納,Roweida 13cm 木天板でおしゃれカフェ化｜狭い
Roweida 13cm 木天板でおしゃれカフェ化｜狭い部屋が広く見える収納術,Roweida 13cm 木天板,B 5選まとめ,Roweida 13cm 木天板で狭い部屋のおしゃれカフェ化を解決✨ 賃貸OK・穴あけ不要。詳細はブログで→ #狭い部屋収納 #隙間収納,Roweida 13cm 木天板でおしゃれカフェ化｜狭い
Roweida 13cm 木天板でおしゃれカフェ化｜狭い部屋が広く見える収納術,Roweida 13cm 木天板,C 悩み解決,Roweida 13cm 木天板で狭い部屋のおしゃれカフェ化を解決✨ 賃貸OK・穴あけ不要。詳細はブログで→ #狭い部屋収納 #隙間収納,Roweida 13cm 木天板でおしゃれカフェ化｜狭い
アイリスオーヤマ 24cmでランドリーワゴン｜狭い部屋が広く見える収納術,アイリスオーヤマ 24cm,A Before/After,アイリスオーヤマ 24cmで狭い部屋のランドリーワゴンを解決✨ 賃貸OK・穴あけ不要。詳細はブログで→ #狭い部屋収納 #隙間収納,アイリスオーヤマ 24cmでランドリーワゴン｜狭い部屋が
アイリスオーヤマ 24cmでランドリーワゴン｜狭い部屋が広く見える収納術,アイリスオーヤマ 24cm,B 5選まとめ,アイリスオーヤマ 24cmで狭い部屋のランドリーワゴンを解決✨ 賃貸OK・穴あけ不要。詳細はブログで→ #狭い部屋収納 #隙間収納,アイリスオーヤマ 24cmでランドリーワゴン｜狭い部屋が
アイリスオーヤマ 24cmでランドリーワゴン｜狭い部屋が広く見える収納術,アイリスオーヤマ 24cm,C 悩み解決,アイリスオーヤマ 24cmで狭い部屋のランドリーワゴンを解決✨ 賃貸OK・穴あけ不要。詳細はブログで→ #狭い部屋収納 #隙間収納,アイリスオーヤマ 24cmでランドリーワゴン｜狭い部屋が
ぼん家具 20cm 木製で押入れ収納｜狭い部屋が広く見える収納術,ぼん家具 20cm 木製,A Before/After,ぼん家具 20cm 木製で狭い部屋の押入れ収納を解決✨ 賃貸OK・穴あけ不要。詳細はブログで→ #狭い部屋収納 #隙間収納,ぼん家具 20cm 木製で押入れ収納｜狭い部屋が広く見え
ぼん家具 20cm 木製で押入れ収納｜狭い部屋が広く見える収納術,ぼん家具 20cm 木製,B 5選まとめ,ぼん家具 20cm 木製で狭い部屋の押入れ収納を解決✨ 賃貸OK・穴あけ不要。詳細はブログで→ #狭い部屋収納 #隙間収納,ぼん家具 20cm 木製で押入れ収納｜狭い部屋が広く見え
ぼん家具 20cm 木製で押入れ収納｜狭い部屋が広く見える収納術,ぼん家具 20cm 木製,C 悩み解決,ぼん家具 20cm 木製で狭い部屋の押入れ収納を解決✨ 賃貸OK・穴あけ不要。詳細はブログで→ #狭い部屋収納 #隙間収納,ぼん家具 20cm 木製で押入れ収納｜狭い部屋が広く見え
山崎実業 tower 13cmでtower神収納｜狭い部屋が広く見える収納術,山崎実業 tower 13cm,A Before/After,山崎実業 tower 13cmで狭い部屋のtower神収納を解決✨ 賃貸OK・穴あけ不要。詳細はブログで→ #狭い部屋収納 #隙間収納,山崎実業 tower 13cmでtower神収納｜狭い部
山崎実業 tower 13cmでtower神収納｜狭い部屋が広く見える収納術,山崎実業 tower 13cm,B 5選まとめ,山崎実業 tower 13cmで狭い部屋のtower神収納を解決✨ 賃貸OK・穴あけ不要。詳細はブログで→ #狭い部屋収納 #隙間収納,山崎実業 tower 13cmでtower神収納｜狭い部
山崎実業 tower 13cmでtower神収納｜狭い部屋が広く見える収納術,山崎実業 tower 13cm,C 悩み解決,山崎実業 tower 13cmで狭い部屋のtower神収納を解決✨ 賃貸OK・穴あけ不要。詳細はブログで→ #狭い部屋収納 #隙間収納,山崎実業 tower 13cmでtower神収納｜狭い部
山崎実業 tower 洗面台横で美容収納｜狭い部屋が広く見える収納術,山崎実業 tower 洗面台横,A Before/After,山崎実業 tower 洗面台横で狭い部屋の美容収納を解決✨ 賃貸OK・穴あけ不要。詳細はブログで→ #狭い部屋収納 #隙間収納,山崎実業 tower 洗面台横で美容収納｜狭い部屋が広く
山崎実業 tower 洗面台横で美容収納｜狭い部屋が広く見える収納術,山崎実業 tower 洗面台横,B 5選まとめ,山崎実業 tower 洗面台横で狭い部屋の美容収納を解決✨ 賃貸OK・穴あけ不要。詳細はブログで→ #狭い部屋収納 #隙間収納,山崎実業 tower 洗面台横で美容収納｜狭い部屋が広く
山崎実業 tower 洗面台横で美容収納｜狭い部屋が広く見える収納術,山崎実業 tower 洗面台横,C 悩み解決,山崎実業 tower 洗面台横で狭い部屋の美容収納を解決✨ 賃貸OK・穴あけ不要。詳細はブログで→ #狭い部屋収納 #隙間収納,山崎実業 tower 洗面台横で美容収納｜狭い部屋が広く
JEJアステージ 17cm 5段で日本製完成品｜狭い部屋が広く見える収納術,JEJアステージ 17cm 5段,A Before/After,JEJアステージ 17cm 5段で狭い部屋の日本製完成品を解決✨ 賃貸OK・穴あけ不要。詳細はブログで→ #狭い部屋収納 #隙間収納,JEJアステージ 17cm 5段で日本製完成品｜狭い部屋
JEJアステージ 17cm 5段で日本製完成品｜狭い部屋が広く見える収納術,JEJアステージ 17cm 5段,B 5選まとめ,JEJアステージ 17cm 5段で狭い部屋の日本製完成品を解決✨ 賃貸OK・穴あけ不要。詳細はブログで→ #狭い部屋収納 #隙間収納,JEJアステージ 17cm 5段で日本製完成品｜狭い部屋
JEJアステージ 17cm 5段で日本製完成品｜狭い部屋が広く見える収納術,JEJアステージ 17cm 5段,C 悩み解決,JEJアステージ 17cm 5段で狭い部屋の日本製完成品を解決✨ 賃貸OK・穴あけ不要。詳細はブログで→ #狭い部屋収納 #隙間収納,JEJアステージ 17cm 5段で日本製完成品｜狭い部屋
天馬 スキピタ 17cm 140cmで縦収納革命｜狭い部屋が広く見える収納術,天馬 スキピタ 17cm 140cm,A Before/After,天馬 スキピタ 17cm 140cmで狭い部屋の縦収納革命を解決✨ 賃貸OK・穴あけ不要。詳細はブログで→ #狭い部屋収納 #隙間収納,天馬 スキピタ 17cm 140cmで縦収納革命｜狭い部
天馬 スキピタ 17cm 140cmで縦収納革命｜狭い部屋が広く見える収納術,天馬 スキピタ 17cm 140cm,B 5選まとめ,天馬 スキピタ 17cm 140cmで狭い部屋の縦収納革命を解決✨ 賃貸OK・穴あけ不要。詳細はブログで→ #狭い部屋収納 #隙間収納,天馬 スキピタ 17cm 140cmで縦収納革命｜狭い部
天馬 スキピタ 17cm 140cmで縦収納革命｜狭い部屋が広く見える収納術,天馬 スキピタ 17cm 140cm,C 悩み解決,天馬 スキピタ 17cm 140cmで狭い部屋の縦収納革命を解決✨ 賃貸OK・穴あけ不要。詳細はブログで→ #狭い部屋収納 #隙間収納,天馬 スキピタ 17cm 140cmで縦収納革命｜狭い部
SVOHZAV 18cm 4段でコスパ最強｜狭い部屋が広く見える収納術,SVOHZAV 18cm 4段,A Before/After,SVOHZAV 18cm 4段で狭い部屋のコスパ最強を解決✨ 賃貸OK・穴あけ不要。詳細はブログで→ #狭い部屋収納 #隙間収納,SVOHZAV 18cm 4段でコスパ最強｜狭い部屋が広
SVOHZAV 18cm 4段でコスパ最強｜狭い部屋が広く見える収納術,SVOHZAV 18cm 4段,B 5選まとめ,SVOHZAV 18cm 4段で狭い部屋のコスパ最強を解決✨ 賃貸OK・穴あけ不要。詳細はブログで→ #狭い部屋収納 #隙間収納,SVOHZAV 18cm 4段でコスパ最強｜狭い部屋が広
SVOHZAV 18cm 4段でコスパ最強｜狭い部屋が広く見える収納術,SVOHZAV 18cm 4段,C 悩み解決,SVOHZAV 18cm 4段で狭い部屋のコスパ最強を解決✨ 賃貸OK・穴あけ不要。詳細はブログで→ #狭い部屋収納 #隙間収納,SVOHZAV 18cm 4段でコスパ最強｜狭い部屋が広
