pin_no,product,template,board,title,description,blog_slug,blog_url,cta,post_date,post_time_JST
1,SPACEKEEPER 22cm 4段,A Before/After,6畳ワンルーム収納アイデア,冷蔵庫横の22cmが収納庫に変わった｜SPACEKEEPER 22cm 4段,冷蔵庫横の使えていなかった22cmに置いたら、床置きの調味料が消えた。賃貸OK・穴あけ不要です。サイズの測り方と設置のコツはブログにまとめました→ #隙間収納 #キッチン収納 #一人暮らし,slim-storage-1,https://hana-pon.github.io/service-site/jp/slim-storage-1.html,詳しくはブログで ▶︎,2026-08-28,21:00
2,SPACEKEEPER 22cm 4段,B 5選まとめ,賃貸OK！穴あけ不要収納,22cmの隙間に置けるSPACEKEEPER 22cm 4段｜狭い部屋の収納アイデア,SPACEKEEPER 22cm 4段（22cm）を冷蔵庫横に。4段で調味料もストックも分けられるのが決め手でした。買う前に測る3か所もブログに書いています→ #隙間収納 #キッチン収納 #一人暮らし,slim-storage-1,https://hana-pon.github.io/service-site/jp/slim-storage-1.html,詳しくはブログで ▶︎,2026-08-28,21:30
3,SPACEKEEPER 22cm 4段,C 悩み解決,隙間を活用する神家具5選,この22cm、ずっと諦めてた｜22cmで冷蔵庫横を片付ける,この22cm、ずっと諦めてた——冷蔵庫横の22cmは、まだ使えます。4段で調味料もストックも分けられる。賃貸でもそのまま置けます。詳しくはブログで→ #隙間収納 #キッチン収納 #一人暮らし,slim-storage-1,https://hana-pon.github.io/service-site/jp/slim-storage-1.html,詳しくはブログで ▶︎,2026-08-28,22:00
4,山崎実業 スリムトイレラック,A Before/After,6畳ワンルーム収納アイデア,トイレの横の13cmが収納庫に変わった｜山崎実業 スリムトイレラック,トイレの横の使えていなかった13cmに置いたら、床のストックがゼロになった。賃貸OK・穴あけ不要です。サイズの測り方と設置のコツはブログにまとめました→ #トイレ収納 #隙間収納 #賃貸暮らし,slim-storage-2,https://hana-pon.github.io/service-site/jp/slim-storage-2.html,詳しくはブログで ▶︎,2026-08-29,21:00
5,山崎実業 スリムトイレラック,B 5選まとめ,賃貸OK！穴あけ不要収納,13cmの隙間に置ける山崎実業 スリムトイレラック｜狭い部屋の収納アイデア,山崎実業 スリムトイレラック（13cm）をトイレの横に。奥行きを使って縦に積めるのが決め手でした。買う前に測る3か所もブログに書いています→ #トイレ収納 #隙間収納 #賃貸暮らし,slim-storage-2,https://hana-pon.github.io/service-site/jp/slim-storage-2.html,詳しくはブログで ▶︎,2026-08-29,21:30
6,山崎実業 スリムトイレラック,C 悩み解決,隙間を活用する神家具5選,トイレの13cm、使えます｜13cmでトイレの横を片付ける,トイレの13cm、使えます——トイレの横の13cmは、まだ使えます。奥行きを使って縦に積める。賃貸でもそのまま置けます。詳しくはブログで→ #トイレ収納 #隙間収納 #賃貸暮らし,slim-storage-2,https://hana-pon.github.io/service-site/jp/slim-storage-2.html,詳しくはブログで ▶︎,2026-08-29,22:00
7,TORIBIO 13cm 5段 天板付き,A Before/After,6畳ワンルーム収納アイデア,冷蔵庫横の13cmが収納庫に変わった｜TORIBIO 13cm 5段 天板付き,冷蔵庫横の使えていなかった13cmに置いたら、キッチンがカフェっぽくなった。賃貸OK・穴あけ不要です。サイズの測り方と設置のコツはブログにまとめました→ #キッチン収納 #隙間収納 #インテリア,slim-storage-3,https://hana-pon.github.io/service-site/jp/slim-storage-3.html,詳しくはブログで ▶︎,2026-08-30,21:00
8,TORIBIO 13cm 5段 天板付き,B 5選まとめ,賃貸OK！穴あけ不要収納,13cmの隙間に置けるTORIBIO 13cm 5段 天板付き｜狭い部屋の収納アイデア,TORIBIO 13cm 5段 天板付き（13cm）を冷蔵庫横に。木の天板だけ見せる場所にできるのが決め手でした。買う前に測る3か所もブログに書いています→ #キッチン収納 #隙間収納 #インテリア,slim-storage-3,https://hana-pon.github.io/service-site/jp/slim-storage-3.html,詳しくはブログで ▶︎,2026-08-30,21:30
9,TORIBIO 13cm 5段 天板付き,C 悩み解決,隙間を活用する神家具5選,収納なのに、部屋が良くなる｜13cmで冷蔵庫横を片付ける,収納なのに、部屋が良くなる——冷蔵庫横の13cmは、まだ使えます。木の天板だけ見せる場所にできる。賃貸でもそのまま置けます。詳しくはブログで→ #キッチン収納 #隙間収納 #インテリア,slim-storage-3,https://hana-pon.github.io/service-site/jp/slim-storage-3.html,詳しくはブログで ▶︎,2026-08-30,22:00
10,アイリスオーヤマ 天板付きワゴン,A Before/After,6畳ワンルーム収納アイデア,洗濯機の横の24cmが収納庫に変わった｜アイリスオーヤマ 天板付きワゴン,洗濯機の横の使えていなかった24cmに置いたら、洗剤とタオルに住所ができた。賃貸OK・穴あけ不要です。サイズの測り方と設置のコツはブログにまとめました→ #洗面所収納 #ランドリー収納 #隙間収納,slim-storage-4,https://hana-pon.github.io/service-site/jp/slim-storage-4.html,詳しくはブログで ▶︎,2026-08-31,21:00
11,アイリスオーヤマ 天板付きワゴン,B 5選まとめ,賃貸OK！穴あけ不要収納,24cmの隙間に置けるアイリスオーヤマ 天板付きワゴン｜狭い部屋の収納アイデア,アイリスオーヤマ 天板付きワゴン（24cm）を洗濯機の横に。天板に洗剤を出したまま置けるのが決め手でした。買う前に測る3か所もブログに書いています→ #洗面所収納 #ランドリー収納 #隙間収納,slim-storage-4,https://hana-pon.github.io/service-site/jp/slim-storage-4.html,詳しくはブログで ▶︎,2026-08-31,21:30
12,アイリスオーヤマ 天板付きワゴン,C 悩み解決,隙間を活用する神家具5選,洗面所の床置き、やめられます｜24cmで洗濯機の横を片付ける,洗面所の床置き、やめられます——洗濯機の横の24cmは、まだ使えます。天板に洗剤を出したまま置ける。賃貸でもそのまま置けます。詳しくはブログで→ #洗面所収納 #ランドリー収納 #隙間収納,slim-storage-4,https://hana-pon.github.io/service-site/jp/slim-storage-4.html,詳しくはブログで ▶︎,2026-08-31,22:00
13,ぼん家具 木製ワゴン,A Before/After,6畳ワンルーム収納アイデア,押入れの中の20cmが収納庫に変わった｜ぼん家具 木製ワゴン,押入れの中の使えていなかった20cmに置いたら、奥の物に手が届くようになった。賃貸OK・穴あけ不要です。サイズの測り方と設置のコツはブログにまとめました→ #押入れ収納 #クローゼット収納 #収納アイデア,slim-storage-5,https://hana-pon.github.io/service-site/jp/slim-storage-5.html,詳しくはブログで ▶︎,2026-09-01,21:00
14,ぼん家具 木製ワゴン,B 5選まとめ,賃貸OK！穴あけ不要収納,20cmの隙間に置けるぼん家具 木製ワゴン｜狭い部屋の収納アイデア,ぼん家具 木製ワゴン（20cm）を押入れの中に。キャスターで手前に引き出せるのが決め手でした。買う前に測る3か所もブログに書いています→ #押入れ収納 #クローゼット収納 #収納アイデア,slim-storage-5,https://hana-pon.github.io/service-site/jp/slim-storage-5.html,詳しくはブログで ▶︎,2026-09-01,21:30
15,ぼん家具 木製ワゴン,C 悩み解決,隙間を活用する神家具5選,押入れの奥、死んでませんか｜20cmで押入れの中を片付ける,押入れの奥、死んでませんか——押入れの中の20cmは、まだ使えます。キャスターで手前に引き出せる。賃貸でもそのまま置けます。詳しくはブログで→ #押入れ収納 #クローゼット収納 #収納アイデア,slim-storage-5,https://hana-pon.github.io/service-site/jp/slim-storage-5.html,詳しくはブログで ▶︎,2026-09-01,22:00
16,山崎実業 tower スリムワゴン,A Before/After,6畳ワンルーム収納アイデア,キッチンの隙間の13cmが収納庫に変わった｜山崎実業 tower スリムワゴン,キッチンの隙間の使えていなかった13cmに置いたら、物が増えたのに散らかって見えない。賃貸OK・穴あけ不要です。サイズの測り方と設置のコツはブログにまとめました→ #tower #山崎実業 #隙間収納,slim-storage-6,https://hana-pon.github.io/service-site/jp/slim-storage-6.html,詳しくはブログで ▶︎,2026-09-02,21:00
17,山崎実業 tower スリムワゴン,B 5選まとめ,賃貸OK！穴あけ不要収納,13cmの隙間に置ける山崎実業 tower スリムワゴン｜狭い部屋の収納アイデア,山崎実業 tower スリムワゴン（13cm）をキッチンの隙間に。本体完成品でキャスターを付けるだけのが決め手でした。買う前に測る3か所もブログに書いています→ #tower #山崎実業 #隙間収納,slim-storage-6,https://hana-pon.github.io/service-site/jp/slim-storage-6.html,詳しくはブログで ▶︎,2026-09-02,21:30
18,山崎実業 tower スリムワゴン,C 悩み解決,隙間を活用する神家具5選,置いても部屋がうるさくならない｜13cmでキッチンの隙間を片付ける,置いても部屋がうるさくならない——キッチンの隙間の13cmは、まだ使えます。本体完成品でキャスターを付けるだけ。賃貸でもそのまま置けます。詳しくはブログで→ #tower #山崎実業 #隙間収納,slim-storage-6,https://hana-pon.github.io/service-site/jp/slim-storage-6.html,詳しくはブログで ▶︎,2026-09-02,22:00
19,Goowin スリムワゴン,A Before/After,6畳ワンルーム収納アイデア,洗面台の横の12cmが収納庫に変わった｜Goowin スリムワゴン,洗面台の横の使えていなかった12cmに置いたら、朝の身支度が1分短くなった。賃貸OK・穴あけ不要です。サイズの測り方と設置のコツはブログにまとめました→ #洗面所収納 #美容収納 #隙間収納,slim-storage-7,https://hana-pon.github.io/service-site/jp/slim-storage-7.html,詳しくはブログで ▶︎,2026-09-03,21:00
20,Goowin スリムワゴン,B 5選まとめ,賃貸OK！穴あけ不要収納,12cmの隙間に置けるGoowin スリムワゴン｜狭い部屋の収納アイデア,Goowin スリムワゴン（12cm）を洗面台の横に。スキンケアを段ごとに分けられるのが決め手でした。買う前に測る3か所もブログに書いています→ #洗面所収納 #美容収納 #隙間収納,slim-storage-7,https://hana-pon.github.io/service-site/jp/slim-storage-7.html,詳しくはブログで ▶︎,2026-09-03,21:30
21,Goowin スリムワゴン,C 悩み解決,隙間を活用する神家具5選,洗面台の上、何も置かない日｜12cmで洗面台の横を片付ける,洗面台の上、何も置かない日——洗面台の横の12cmは、まだ使えます。スキンケアを段ごとに分けられる。賃貸でもそのまま置けます。詳しくはブログで→ #洗面所収納 #美容収納 #隙間収納,slim-storage-7,https://hana-pon.github.io/service-site/jp/slim-storage-7.html,詳しくはブログで ▶︎,2026-09-03,22:00
22,JEJ スリムチェスト 5段,A Before/After,6畳ワンルーム収納アイデア,キッチンの隙間の17cmが収納庫に変わった｜JEJ スリムチェスト 5段,キッチンの隙間の使えていなかった17cmに置いたら、届いたその日に片付いた。賃貸OK・穴あけ不要です。サイズの測り方と設置のコツはブログにまとめました→ #日本製 #隙間収納 #一人暮らし,slim-storage-8,https://hana-pon.github.io/service-site/jp/slim-storage-8.html,詳しくはブログで ▶︎,2026-09-04,21:00
23,JEJ スリムチェスト 5段,B 5選まとめ,賃貸OK！穴あけ不要収納,17cmの隙間に置けるJEJ スリムチェスト 5段｜狭い部屋の収納アイデア,JEJ スリムチェスト 5段（17cm）をキッチンの隙間に。日本製の完成品・工具いらずのが決め手でした。買う前に測る3か所もブログに書いています→ #日本製 #隙間収納 #一人暮らし,slim-storage-8,https://hana-pon.github.io/service-site/jp/slim-storage-8.html,詳しくはブログで ▶︎,2026-09-04,21:30
24,JEJ スリムチェスト 5段,C 悩み解決,隙間を活用する神家具5選,組み立てが苦手でも大丈夫｜17cmでキッチンの隙間を片付ける,組み立てが苦手でも大丈夫——キッチンの隙間の17cmは、まだ使えます。日本製の完成品・工具いらず。賃貸でもそのまま置けます。詳しくはブログで→ #日本製 #隙間収納 #一人暮らし,slim-storage-8,https://hana-pon.github.io/service-site/jp/slim-storage-8.html,詳しくはブログで ▶︎,2026-09-04,22:00
25,天馬 スキピタ 5段,A Before/After,6畳ワンルーム収納アイデア,キッチン・洗面所の17cm×140cmが収納庫に変わった｜天馬 スキピタ 5段,キッチン・洗面所の使えていなかった17cm×140cmに置いたら、同じ床面積で収納が倍になった。賃貸OK・穴あけ不要です。サイズの測り方と設置のコツはブログにまとめました→ #縦収納 #隙間収納 #6畳,slim-storage-9,https://hana-pon.github.io/service-site/jp/slim-storage-9.html,詳しくはブログで ▶︎,2026-09-05,21:00
26,天馬 スキピタ 5段,B 5選まとめ,賃貸OK！穴あけ不要収納,17cm×140cmの隙間に置ける天馬 スキピタ 5段｜狭い部屋の収納アイデア,天馬 スキピタ 5段（17cm×140cm）をキッチン・洗面所に。幅17cmのまま高さ140cmまで使えるのが決め手でした。買う前に測る3か所もブログに書いています→ #縦収納 #隙間収納 #6畳,slim-storage-9,https://hana-pon.github.io/service-site/jp/slim-storage-9.html,詳しくはブログで ▶︎,2026-09-05,21:30
27,天馬 スキピタ 5段,C 悩み解決,隙間を活用する神家具5選,床は増やさず、収納だけ増やす｜17cm×140cmでキッチン・洗面所を片付ける,床は増やさず、収納だけ増やす——キッチン・洗面所の17cm×140cmは、まだ使えます。幅17cmのまま高さ140cmまで使える。賃貸でもそのまま置けます。詳しくはブログで→ #縦収納 #隙間収納 #6畳,slim-storage-9,https://hana-pon.github.io/service-site/jp/slim-storage-9.html,詳しくはブログで ▶︎,2026-09-05,22:00
28,SVOHZAV スリムワゴン 4段,A Before/After,6畳ワンルーム収納アイデア,洗面所・トイレの18cmが収納庫に変わった｜SVOHZAV スリムワゴン 4段,洗面所・トイレの使えていなかった18cmに置いたら、この隙間が使えると分かった。賃貸OK・穴あけ不要です。サイズの測り方と設置のコツはブログにまとめました→ #隙間収納 #収納アイデア #賃貸OK,slim-storage-10,https://hana-pon.github.io/service-site/jp/slim-storage-10.html,詳しくはブログで ▶︎,2026-09-06,21:00
29,SVOHZAV スリムワゴン 4段,B 5選まとめ,賃貸OK！穴あけ不要収納,18cmの隙間に置けるSVOHZAV スリムワゴン 4段｜狭い部屋の収納アイデア,SVOHZAV スリムワゴン 4段（18cm）を洗面所・トイレに。よくある18cm幅・別の部屋にも回せるのが決め手でした。買う前に測る3か所もブログに書いています→ #隙間収納 #収納アイデア #賃貸OK,slim-storage-10,https://hana-pon.github.io/service-site/jp/slim-storage-10.html,詳しくはブログで ▶︎,2026-09-06,21:30
30,SVOHZAV スリムワゴン 4段,C 悩み解決,隙間を活用する神家具5選,まず1台、試してみる｜18cmで洗面所・トイレを片付ける,まず1台、試してみる——洗面所・トイレの18cmは、まだ使えます。よくある18cm幅・別の部屋にも回せる。賃貸でもそのまま置けます。詳しくはブログで→ #隙間収納 #収納アイデア #賃貸OK,slim-storage-10,https://hana-pon.github.io/service-site/jp/slim-storage-10.html,詳しくはブログで ▶︎,2026-09-06,22:00
