date,time_JST,pin_no,product,template,board,title,action,blog_url
2026-08-28,21:00,1,SPACEKEEPER 22cm 4段,A Before/After,6畳ワンルーム収納アイデア,冷蔵庫横の22cmが収納庫に変わった｜SPACEKEEPER 22cm 4段,投稿,https://hana-pon.github.io/service-site/jp/slim-storage-1.html
2026-08-28,21:30,2,SPACEKEEPER 22cm 4段,B 5選まとめ,賃貸OK！穴あけ不要収納,22cmの隙間に置けるSPACEKEEPER 22cm 4段｜狭い部屋の収納アイデア,投稿,https://hana-pon.github.io/service-site/jp/slim-storage-1.html
2026-08-28,22:00,3,SPACEKEEPER 22cm 4段,C 悩み解決,隙間を活用する神家具5選,この22cm、ずっと諦めてた｜22cmで冷蔵庫横を片付ける,投稿,https://hana-pon.github.io/service-site/jp/slim-storage-1.html
2026-08-29,21:00,4,山崎実業 スリムトイレラック,A Before/After,6畳ワンルーム収納アイデア,トイレの横の13cmが収納庫に変わった｜山崎実業 スリムトイレラック,投稿,https://hana-pon.github.io/service-site/jp/slim-storage-2.html
2026-08-29,21:30,5,山崎実業 スリムトイレラック,B 5選まとめ,賃貸OK！穴あけ不要収納,13cmの隙間に置ける山崎実業 スリムトイレラック｜狭い部屋の収納アイデア,投稿,https://hana-pon.github.io/service-site/jp/slim-storage-2.html
2026-08-29,22:00,6,山崎実業 スリムトイレラック,C 悩み解決,隙間を活用する神家具5選,トイレの13cm、使えます｜13cmでトイレの横を片付ける,投稿,https://hana-pon.github.io/service-site/jp/slim-storage-2.html
2026-08-30,21:00,7,TORIBIO 13cm 5段 天板付き,A Before/After,6畳ワンルーム収納アイデア,冷蔵庫横の13cmが収納庫に変わった｜TORIBIO 13cm 5段 天板付き,投稿,https://hana-pon.github.io/service-site/jp/slim-storage-3.html
2026-08-30,21:30,8,TORIBIO 13cm 5段 天板付き,B 5選まとめ,賃貸OK！穴あけ不要収納,13cmの隙間に置けるTORIBIO 13cm 5段 天板付き｜狭い部屋の収納アイデア,投稿,https://hana-pon.github.io/service-site/jp/slim-storage-3.html
2026-08-30,22:00,9,TORIBIO 13cm 5段 天板付き,C 悩み解決,隙間を活用する神家具5選,収納なのに、部屋が良くなる｜13cmで冷蔵庫横を片付ける,投稿,https://hana-pon.github.io/service-site/jp/slim-storage-3.html
2026-08-31,21:00,10,アイリスオーヤマ 天板付きワゴン,A Before/After,6畳ワンルーム収納アイデア,洗濯機の横の24cmが収納庫に変わった｜アイリスオーヤマ 天板付きワゴン,投稿,https://hana-pon.github.io/service-site/jp/slim-storage-4.html
2026-08-31,21:30,11,アイリスオーヤマ 天板付きワゴン,B 5選まとめ,賃貸OK！穴あけ不要収納,24cmの隙間に置けるアイリスオーヤマ 天板付きワゴン｜狭い部屋の収納アイデア,投稿,https://hana-pon.github.io/service-site/jp/slim-storage-4.html
2026-08-31,22:00,12,アイリスオーヤマ 天板付きワゴン,C 悩み解決,隙間を活用する神家具5選,洗面所の床置き、やめられます｜24cmで洗濯機の横を片付ける,投稿,https://hana-pon.github.io/service-site/jp/slim-storage-4.html
2026-09-01,21:00,13,ぼん家具 木製ワゴン,A Before/After,6畳ワンルーム収納アイデア,押入れの中の20cmが収納庫に変わった｜ぼん家具 木製ワゴン,投稿,https://hana-pon.github.io/service-site/jp/slim-storage-5.html
2026-09-01,21:30,14,ぼん家具 木製ワゴン,B 5選まとめ,賃貸OK！穴あけ不要収納,20cmの隙間に置けるぼん家具 木製ワゴン｜狭い部屋の収納アイデア,投稿,https://hana-pon.github.io/service-site/jp/slim-storage-5.html
2026-09-01,22:00,15,ぼん家具 木製ワゴン,C 悩み解決,隙間を活用する神家具5選,押入れの奥、死んでませんか｜20cmで押入れの中を片付ける,投稿,https://hana-pon.github.io/service-site/jp/slim-storage-5.html
2026-09-02,21:00,16,山崎実業 tower スリムワゴン,A Before/After,6畳ワンルーム収納アイデア,キッチンの隙間の13cmが収納庫に変わった｜山崎実業 tower スリムワゴン,投稿,https://hana-pon.github.io/service-site/jp/slim-storage-6.html
2026-09-02,21:30,17,山崎実業 tower スリムワゴン,B 5選まとめ,賃貸OK！穴あけ不要収納,13cmの隙間に置ける山崎実業 tower スリムワゴン｜狭い部屋の収納アイデア,投稿,https://hana-pon.github.io/service-site/jp/slim-storage-6.html
2026-09-02,22:00,18,山崎実業 tower スリムワゴン,C 悩み解決,隙間を活用する神家具5選,置いても部屋がうるさくならない｜13cmでキッチンの隙間を片付ける,投稿,https://hana-pon.github.io/service-site/jp/slim-storage-6.html
2026-09-03,21:00,19,Goowin スリムワゴン,A Before/After,6畳ワンルーム収納アイデア,洗面台の横の12cmが収納庫に変わった｜Goowin スリムワゴン,投稿,https://hana-pon.github.io/service-site/jp/slim-storage-7.html
2026-09-03,21:30,20,Goowin スリムワゴン,B 5選まとめ,賃貸OK！穴あけ不要収納,12cmの隙間に置けるGoowin スリムワゴン｜狭い部屋の収納アイデア,投稿,https://hana-pon.github.io/service-site/jp/slim-storage-7.html
2026-09-03,22:00,21,Goowin スリムワゴン,C 悩み解決,隙間を活用する神家具5選,洗面台の上、何も置かない日｜12cmで洗面台の横を片付ける,投稿,https://hana-pon.github.io/service-site/jp/slim-storage-7.html
2026-09-04,21:00,22,JEJ スリムチェスト 5段,A Before/After,6畳ワンルーム収納アイデア,キッチンの隙間の17cmが収納庫に変わった｜JEJ スリムチェスト 5段,投稿,https://hana-pon.github.io/service-site/jp/slim-storage-8.html
2026-09-04,21:30,23,JEJ スリムチェスト 5段,B 5選まとめ,賃貸OK！穴あけ不要収納,17cmの隙間に置けるJEJ スリムチェスト 5段｜狭い部屋の収納アイデア,投稿,https://hana-pon.github.io/service-site/jp/slim-storage-8.html
2026-09-04,22:00,24,JEJ スリムチェスト 5段,C 悩み解決,隙間を活用する神家具5選,組み立てが苦手でも大丈夫｜17cmでキッチンの隙間を片付ける,投稿,https://hana-pon.github.io/service-site/jp/slim-storage-8.html
2026-09-05,21:00,25,天馬 スキピタ 5段,A Before/After,6畳ワンルーム収納アイデア,キッチン・洗面所の17cm×140cmが収納庫に変わった｜天馬 スキピタ 5段,投稿,https://hana-pon.github.io/service-site/jp/slim-storage-9.html
2026-09-05,21:30,26,天馬 スキピタ 5段,B 5選まとめ,賃貸OK！穴あけ不要収納,17cm×140cmの隙間に置ける天馬 スキピタ 5段｜狭い部屋の収納アイデア,投稿,https://hana-pon.github.io/service-site/jp/slim-storage-9.html
2026-09-05,22:00,27,天馬 スキピタ 5段,C 悩み解決,隙間を活用する神家具5選,床は増やさず、収納だけ増やす｜17cm×140cmでキッチン・洗面所を片付ける,投稿,https://hana-pon.github.io/service-site/jp/slim-storage-9.html
2026-09-06,21:00,28,SVOHZAV スリムワゴン 4段,A Before/After,6畳ワンルーム収納アイデア,洗面所・トイレの18cmが収納庫に変わった｜SVOHZAV スリムワゴン 4段,投稿,https://hana-pon.github.io/service-site/jp/slim-storage-10.html
2026-09-06,21:30,29,SVOHZAV スリムワゴン 4段,B 5選まとめ,賃貸OK！穴あけ不要収納,18cmの隙間に置けるSVOHZAV スリムワゴン 4段｜狭い部屋の収納アイデア,投稿,https://hana-pon.github.io/service-site/jp/slim-storage-10.html
2026-09-06,22:00,30,SVOHZAV スリムワゴン 4段,C 悩み解決,隙間を活用する神家具5選,まず1台、試してみる｜18cmで洗面所・トイレを片付ける,投稿,https://hana-pon.github.io/service-site/jp/slim-storage-10.html
