pin_no	投稿日	時刻	ボード	画像ファイル	タイトル	説明文	リンク先
1	2026-08-28	21:00	6畳ワンルーム収納アイデア	pin-01-slim-storage-1-A.png	冷蔵庫横の22cmが収納庫に変わった｜SPACEKEEPER 22cm 4段	冷蔵庫横の使えていなかった22cmに置いたら、床置きの調味料が消えた。賃貸OK・穴あけ不要です。サイズの測り方と設置のコツはブログにまとめました→ #隙間収納 #キッチン収納 #一人暮らし	https://hana-pon.github.io/service-site/jp/slim-storage-1.html
2	2026-08-28	21:30	賃貸OK！穴あけ不要収納	pin-02-slim-storage-1-B.png	22cmの隙間に置けるSPACEKEEPER 22cm 4段｜狭い部屋の収納アイデア	SPACEKEEPER 22cm 4段（22cm）を冷蔵庫横に。4段で調味料もストックも分けられるのが決め手でした。買う前に測る3か所もブログに書いています→ #隙間収納 #キッチン収納 #一人暮らし	https://hana-pon.github.io/service-site/jp/slim-storage-1.html
3	2026-08-28	22:00	隙間を活用する神家具5選	pin-03-slim-storage-1-C.png	この22cm、ずっと諦めてた｜22cmで冷蔵庫横を片付ける	この22cm、ずっと諦めてた——冷蔵庫横の22cmは、まだ使えます。4段で調味料もストックも分けられる。賃貸でもそのまま置けます。詳しくはブログで→ #隙間収納 #キッチン収納 #一人暮らし	https://hana-pon.github.io/service-site/jp/slim-storage-1.html
4	2026-08-29	21:00	6畳ワンルーム収納アイデア	pin-04-slim-storage-2-A.png	トイレの横の13cmが収納庫に変わった｜山崎実業 スリムトイレラック	トイレの横の使えていなかった13cmに置いたら、床のストックがゼロになった。賃貸OK・穴あけ不要です。サイズの測り方と設置のコツはブログにまとめました→ #トイレ収納 #隙間収納 #賃貸暮らし	https://hana-pon.github.io/service-site/jp/slim-storage-2.html
5	2026-08-29	21:30	賃貸OK！穴あけ不要収納	pin-05-slim-storage-2-B.png	13cmの隙間に置ける山崎実業 スリムトイレラック｜狭い部屋の収納アイデア	山崎実業 スリムトイレラック（13cm）をトイレの横に。奥行きを使って縦に積めるのが決め手でした。買う前に測る3か所もブログに書いています→ #トイレ収納 #隙間収納 #賃貸暮らし	https://hana-pon.github.io/service-site/jp/slim-storage-2.html
6	2026-08-29	22:00	隙間を活用する神家具5選	pin-06-slim-storage-2-C.png	トイレの13cm、使えます｜13cmでトイレの横を片付ける	トイレの13cm、使えます——トイレの横の13cmは、まだ使えます。奥行きを使って縦に積める。賃貸でもそのまま置けます。詳しくはブログで→ #トイレ収納 #隙間収納 #賃貸暮らし	https://hana-pon.github.io/service-site/jp/slim-storage-2.html
7	2026-08-30	21:00	6畳ワンルーム収納アイデア	pin-07-slim-storage-3-A.png	冷蔵庫横の13cmが収納庫に変わった｜TORIBIO 13cm 5段 天板付き	冷蔵庫横の使えていなかった13cmに置いたら、キッチンがカフェっぽくなった。賃貸OK・穴あけ不要です。サイズの測り方と設置のコツはブログにまとめました→ #キッチン収納 #隙間収納 #インテリア	https://hana-pon.github.io/service-site/jp/slim-storage-3.html
8	2026-08-30	21:30	賃貸OK！穴あけ不要収納	pin-08-slim-storage-3-B.png	13cmの隙間に置けるTORIBIO 13cm 5段 天板付き｜狭い部屋の収納アイデア	TORIBIO 13cm 5段 天板付き（13cm）を冷蔵庫横に。木の天板だけ見せる場所にできるのが決め手でした。買う前に測る3か所もブログに書いています→ #キッチン収納 #隙間収納 #インテリア	https://hana-pon.github.io/service-site/jp/slim-storage-3.html
9	2026-08-30	22:00	隙間を活用する神家具5選	pin-09-slim-storage-3-C.png	収納なのに、部屋が良くなる｜13cmで冷蔵庫横を片付ける	収納なのに、部屋が良くなる——冷蔵庫横の13cmは、まだ使えます。木の天板だけ見せる場所にできる。賃貸でもそのまま置けます。詳しくはブログで→ #キッチン収納 #隙間収納 #インテリア	https://hana-pon.github.io/service-site/jp/slim-storage-3.html
10	2026-08-31	21:00	6畳ワンルーム収納アイデア	pin-10-slim-storage-4-A.png	洗濯機の横の24cmが収納庫に変わった｜アイリスオーヤマ 天板付きワゴン	洗濯機の横の使えていなかった24cmに置いたら、洗剤とタオルに住所ができた。賃貸OK・穴あけ不要です。サイズの測り方と設置のコツはブログにまとめました→ #洗面所収納 #ランドリー収納 #隙間収納	https://hana-pon.github.io/service-site/jp/slim-storage-4.html
11	2026-08-31	21:30	賃貸OK！穴あけ不要収納	pin-11-slim-storage-4-B.png	24cmの隙間に置けるアイリスオーヤマ 天板付きワゴン｜狭い部屋の収納アイデア	アイリスオーヤマ 天板付きワゴン（24cm）を洗濯機の横に。天板に洗剤を出したまま置けるのが決め手でした。買う前に測る3か所もブログに書いています→ #洗面所収納 #ランドリー収納 #隙間収納	https://hana-pon.github.io/service-site/jp/slim-storage-4.html
12	2026-08-31	22:00	隙間を活用する神家具5選	pin-12-slim-storage-4-C.png	洗面所の床置き、やめられます｜24cmで洗濯機の横を片付ける	洗面所の床置き、やめられます——洗濯機の横の24cmは、まだ使えます。天板に洗剤を出したまま置ける。賃貸でもそのまま置けます。詳しくはブログで→ #洗面所収納 #ランドリー収納 #隙間収納	https://hana-pon.github.io/service-site/jp/slim-storage-4.html
13	2026-09-01	21:00	6畳ワンルーム収納アイデア	pin-13-slim-storage-5-A.png	押入れの中の20cmが収納庫に変わった｜ぼん家具 木製ワゴン	押入れの中の使えていなかった20cmに置いたら、奥の物に手が届くようになった。賃貸OK・穴あけ不要です。サイズの測り方と設置のコツはブログにまとめました→ #押入れ収納 #クローゼット収納 #収納アイデア	https://hana-pon.github.io/service-site/jp/slim-storage-5.html
14	2026-09-01	21:30	賃貸OK！穴あけ不要収納	pin-14-slim-storage-5-B.png	20cmの隙間に置けるぼん家具 木製ワゴン｜狭い部屋の収納アイデア	ぼん家具 木製ワゴン（20cm）を押入れの中に。キャスターで手前に引き出せるのが決め手でした。買う前に測る3か所もブログに書いています→ #押入れ収納 #クローゼット収納 #収納アイデア	https://hana-pon.github.io/service-site/jp/slim-storage-5.html
15	2026-09-01	22:00	隙間を活用する神家具5選	pin-15-slim-storage-5-C.png	押入れの奥、死んでませんか｜20cmで押入れの中を片付ける	押入れの奥、死んでませんか——押入れの中の20cmは、まだ使えます。キャスターで手前に引き出せる。賃貸でもそのまま置けます。詳しくはブログで→ #押入れ収納 #クローゼット収納 #収納アイデア	https://hana-pon.github.io/service-site/jp/slim-storage-5.html
16	2026-09-02	21:00	6畳ワンルーム収納アイデア	pin-16-slim-storage-6-A.png	キッチンの隙間の13cmが収納庫に変わった｜山崎実業 tower スリムワゴン	キッチンの隙間の使えていなかった13cmに置いたら、物が増えたのに散らかって見えない。賃貸OK・穴あけ不要です。サイズの測り方と設置のコツはブログにまとめました→ #tower #山崎実業 #隙間収納	https://hana-pon.github.io/service-site/jp/slim-storage-6.html
17	2026-09-02	21:30	賃貸OK！穴あけ不要収納	pin-17-slim-storage-6-B.png	13cmの隙間に置ける山崎実業 tower スリムワゴン｜狭い部屋の収納アイデア	山崎実業 tower スリムワゴン（13cm）をキッチンの隙間に。本体完成品でキャスターを付けるだけのが決め手でした。買う前に測る3か所もブログに書いています→ #tower #山崎実業 #隙間収納	https://hana-pon.github.io/service-site/jp/slim-storage-6.html
18	2026-09-02	22:00	隙間を活用する神家具5選	pin-18-slim-storage-6-C.png	置いても部屋がうるさくならない｜13cmでキッチンの隙間を片付ける	置いても部屋がうるさくならない——キッチンの隙間の13cmは、まだ使えます。本体完成品でキャスターを付けるだけ。賃貸でもそのまま置けます。詳しくはブログで→ #tower #山崎実業 #隙間収納	https://hana-pon.github.io/service-site/jp/slim-storage-6.html
19	2026-09-03	21:00	6畳ワンルーム収納アイデア	pin-19-slim-storage-7-A.png	洗面台の横の12cmが収納庫に変わった｜Goowin スリムワゴン	洗面台の横の使えていなかった12cmに置いたら、朝の身支度が1分短くなった。賃貸OK・穴あけ不要です。サイズの測り方と設置のコツはブログにまとめました→ #洗面所収納 #美容収納 #隙間収納	https://hana-pon.github.io/service-site/jp/slim-storage-7.html
20	2026-09-03	21:30	賃貸OK！穴あけ不要収納	pin-20-slim-storage-7-B.png	12cmの隙間に置けるGoowin スリムワゴン｜狭い部屋の収納アイデア	Goowin スリムワゴン（12cm）を洗面台の横に。スキンケアを段ごとに分けられるのが決め手でした。買う前に測る3か所もブログに書いています→ #洗面所収納 #美容収納 #隙間収納	https://hana-pon.github.io/service-site/jp/slim-storage-7.html
21	2026-09-03	22:00	隙間を活用する神家具5選	pin-21-slim-storage-7-C.png	洗面台の上、何も置かない日｜12cmで洗面台の横を片付ける	洗面台の上、何も置かない日——洗面台の横の12cmは、まだ使えます。スキンケアを段ごとに分けられる。賃貸でもそのまま置けます。詳しくはブログで→ #洗面所収納 #美容収納 #隙間収納	https://hana-pon.github.io/service-site/jp/slim-storage-7.html
22	2026-09-04	21:00	6畳ワンルーム収納アイデア	pin-22-slim-storage-8-A.png	キッチンの隙間の17cmが収納庫に変わった｜JEJ スリムチェスト 5段	キッチンの隙間の使えていなかった17cmに置いたら、届いたその日に片付いた。賃貸OK・穴あけ不要です。サイズの測り方と設置のコツはブログにまとめました→ #日本製 #隙間収納 #一人暮らし	https://hana-pon.github.io/service-site/jp/slim-storage-8.html
23	2026-09-04	21:30	賃貸OK！穴あけ不要収納	pin-23-slim-storage-8-B.png	17cmの隙間に置けるJEJ スリムチェスト 5段｜狭い部屋の収納アイデア	JEJ スリムチェスト 5段（17cm）をキッチンの隙間に。日本製の完成品・工具いらずのが決め手でした。買う前に測る3か所もブログに書いています→ #日本製 #隙間収納 #一人暮らし	https://hana-pon.github.io/service-site/jp/slim-storage-8.html
24	2026-09-04	22:00	隙間を活用する神家具5選	pin-24-slim-storage-8-C.png	組み立てが苦手でも大丈夫｜17cmでキッチンの隙間を片付ける	組み立てが苦手でも大丈夫——キッチンの隙間の17cmは、まだ使えます。日本製の完成品・工具いらず。賃貸でもそのまま置けます。詳しくはブログで→ #日本製 #隙間収納 #一人暮らし	https://hana-pon.github.io/service-site/jp/slim-storage-8.html
25	2026-09-05	21:00	6畳ワンルーム収納アイデア	pin-25-slim-storage-9-A.png	キッチン・洗面所の17cm×140cmが収納庫に変わった｜天馬 スキピタ 5段	キッチン・洗面所の使えていなかった17cm×140cmに置いたら、同じ床面積で収納が倍になった。賃貸OK・穴あけ不要です。サイズの測り方と設置のコツはブログにまとめました→ #縦収納 #隙間収納 #6畳	https://hana-pon.github.io/service-site/jp/slim-storage-9.html
26	2026-09-05	21:30	賃貸OK！穴あけ不要収納	pin-26-slim-storage-9-B.png	17cm×140cmの隙間に置ける天馬 スキピタ 5段｜狭い部屋の収納アイデア	天馬 スキピタ 5段（17cm×140cm）をキッチン・洗面所に。幅17cmのまま高さ140cmまで使えるのが決め手でした。買う前に測る3か所もブログに書いています→ #縦収納 #隙間収納 #6畳	https://hana-pon.github.io/service-site/jp/slim-storage-9.html
27	2026-09-05	22:00	隙間を活用する神家具5選	pin-27-slim-storage-9-C.png	床は増やさず、収納だけ増やす｜17cm×140cmでキッチン・洗面所を片付ける	床は増やさず、収納だけ増やす——キッチン・洗面所の17cm×140cmは、まだ使えます。幅17cmのまま高さ140cmまで使える。賃貸でもそのまま置けます。詳しくはブログで→ #縦収納 #隙間収納 #6畳	https://hana-pon.github.io/service-site/jp/slim-storage-9.html
28	2026-09-06	21:00	6畳ワンルーム収納アイデア	pin-28-slim-storage-10-A.png	洗面所・トイレの18cmが収納庫に変わった｜SVOHZAV スリムワゴン 4段	洗面所・トイレの使えていなかった18cmに置いたら、この隙間が使えると分かった。賃貸OK・穴あけ不要です。サイズの測り方と設置のコツはブログにまとめました→ #隙間収納 #収納アイデア #賃貸OK	https://hana-pon.github.io/service-site/jp/slim-storage-10.html
29	2026-09-06	21:30	賃貸OK！穴あけ不要収納	pin-29-slim-storage-10-B.png	18cmの隙間に置けるSVOHZAV スリムワゴン 4段｜狭い部屋の収納アイデア	SVOHZAV スリムワゴン 4段（18cm）を洗面所・トイレに。よくある18cm幅・別の部屋にも回せるのが決め手でした。買う前に測る3か所もブログに書いています→ #隙間収納 #収納アイデア #賃貸OK	https://hana-pon.github.io/service-site/jp/slim-storage-10.html
30	2026-09-06	22:00	隙間を活用する神家具5選	pin-30-slim-storage-10-C.png	まず1台、試してみる｜18cmで洗面所・トイレを片付ける	まず1台、試してみる——洗面所・トイレの18cmは、まだ使えます。よくある18cm幅・別の部屋にも回せる。賃貸でもそのまま置けます。詳しくはブログで→ #隙間収納 #収納アイデア #賃貸OK	https://hana-pon.github.io/service-site/jp/slim-storage-10.html
